,latitude,longitude,max temp,humidity,cloudiness,wind speed,country,date
0,39.9509,48.8994,39.38,72,96,7.4,AZ,1615179139
1,-33.65,115.3333,73.0,71,97,3.0,AU,1615179139
2,60.7161,-135.0538,17.6,53,90,5.75,CA,1615179139
3,22.0752,-159.319,73.4,73,75,16.11,US,1615179139
4,22.2769,113.5678,77.0,78,40,17.27,CN,1615179139
5,69.7008,170.3133,-12.73,90,100,18.48,RU,1615179140
6,-46.6,168.3333,57.0,80,91,11.99,NZ,1615179140
7,42.6001,-73.9662,23.0,42,6,7.67,US,1615179140
8,65.75,150.85,-2.06,88,100,4.68,RU,1615179140
9,-38.2667,141.9667,59.47,85,100,11.99,AU,1615179140
10,26.0614,119.3061,60.8,67,75,17.9,CN,1615179140
11,-21.2,-175.2,80.6,83,75,13.8,TO,1615179141
12,65.6145,-37.6368,33.8,100,90,29.93,GL,1615179141
13,-46.2817,169.8464,57.99,72,100,4.0,NZ,1615179141
14,-17.8,-63.1667,75.2,88,5,3.44,BO,1615179099
15,64.8569,-147.8028,15.8,72,75,2.73,US,1615179141
16,60.9167,-46.05,30.2,74,90,13.8,GL,1615179142
17,-7.5833,31.2667,59.09,100,100,3.27,TZ,1615179142
18,-19.55,169.2667,80.19,65,1,11.48,VU,1615179142
19,-54.8,-68.3,41.0,81,75,6.91,AR,1615179142
20,68.75,161.3,-16.53,88,100,7.74,RU,1615179142
21,-23.1203,-134.9692,79.93,83,100,18.63,PF,1615179143
22,-13.1256,38.9997,69.44,99,100,4.38,MZ,1615179143
23,-33.918,25.5701,64.4,88,40,14.97,ZA,1615179143
24,5.2767,115.2417,87.8,58,20,3.44,MY,1615178862
25,-28.7667,114.6,93.2,36,0,17.27,AU,1615179143
26,-42.8794,147.3294,73.99,59,75,11.5,AU,1615178904
27,51.0167,116.5167,19.4,95,83,4.99,RU,1615179144
28,4.4148,114.0089,82.4,83,40,4.61,MY,1615178939
29,70.6333,147.9167,-11.81,89,100,7.56,RU,1615179144
30,59.7035,30.7861,19.4,79,75,6.71,RU,1615179144
31,-21.3585,55.7679,84.2,70,7,5.75,RE,1615179144
32,66.53,66.6019,-21.03,86,100,9.17,RU,1615179145
33,-33.8667,121.9,71.6,60,40,9.22,AU,1615179145
34,22.8909,-109.9124,64.99,69,2,5.21,MX,1615178947
35,-46.1927,168.8643,57.0,80,99,11.99,NZ,1615179145
36,-27.6146,-48.5012,75.0,88,20,3.13,BR,1615179145
37,5.4112,100.3354,89.01,70,20,6.91,MY,1615179146
38,52.6333,29.7333,22.24,95,25,10.74,BY,1615179146
39,18.2164,42.5053,53.6,57,0,2.01,SA,1615179146
40,-2.6741,141.3028,83.23,74,54,4.9,PG,1615179146
41,63.3167,30.0167,-5.6,89,19,7.85,FI,1615179146
42,10.5333,76.05,87.8,62,2,3.44,IN,1615179146
43,39.2061,54.5906,44.29,67,2,15.97,TM,1615179147
44,18.8003,110.3967,76.08,83,39,8.84,CN,1615179147
45,-15.3833,-62.95,73.83,77,35,1.68,BO,1615179147
46,-12.486,130.9833,80.6,78,75,9.22,AU,1615179147
47,53.5102,142.9671,11.08,88,0,10.29,RU,1615179147
48,-8.9266,125.4092,70.86,94,37,2.17,TL,1615179148
49,-24.7911,-50.0119,59.56,98,69,5.55,BR,1615179148
50,10.5669,72.642,82.92,66,34,5.5,IN,1615179148
51,35.7333,140.8333,46.4,100,75,13.8,JP,1615179149
52,41.3712,-73.414,26.01,55,6,6.11,US,1615179149
53,-33.0153,27.9116,62.6,88,0,3.44,ZA,1615179149
54,-24.8667,113.6333,84.2,84,0,16.11,AU,1615179149
55,77.484,-69.3632,-12.95,65,2,7.67,GL,1615179150
56,-7.986,38.758,76.01,86,99,0.83,TZ,1615179150
57,37.7167,-25.4333,60.8,88,75,3.44,PT,1615179150
58,28.017,-97.5169,64.4,72,40,9.22,US,1615179150
59,20.15,94.9167,91.94,18,13,5.48,MM,1615179151
60,34.8791,-76.9013,36.0,93,1,3.24,US,1615179151
61,-42.7826,147.0587,75.0,46,98,1.99,AU,1615179151
62,58.5198,64.5495,4.46,93,87,3.44,RU,1615179151
63,69.4541,-133.0374,-16.6,76,75,16.11,CA,1615179151
64,32.767,22.6367,57.72,82,19,9.04,LY,1615179147
65,55.668,36.5323,21.2,86,75,17.9,RU,1615179152
66,-6.1761,143.6513,64.67,89,85,3.67,PG,1615178943
67,47.2514,35.7058,32.65,92,41,14.63,UA,1615179152
68,60.7333,77.5889,12.2,85,90,13.42,RU,1615179152
69,-23.7,133.8833,95.0,20,0,9.22,AU,1615179153
70,71.2906,-156.7887,-9.4,70,90,21.85,US,1615179153
71,-30.1811,-50.2056,72.84,78,1,11.61,BR,1615179153
72,40.5982,-124.1573,44.01,93,1,4.61,US,1615179153
73,4.1213,43.8894,70.34,77,36,20.76,SO,1615179153
74,40.1221,-3.847,45.0,93,75,2.3,ES,1615179154
75,39.9523,-75.1638,33.01,54,1,5.75,US,1615179052
76,58.1376,7.07,30.99,64,99,4.18,NO,1615179154
77,38.5167,-28.7,60.01,93,82,9.04,PT,1615179154
78,18.1167,83.4167,84.2,70,20,9.22,IN,1615179154
79,42.097,-79.2353,15.01,96,1,2.64,US,1615179155
80,27.9769,-114.0611,57.56,81,97,12.84,MX,1615179155
81,50.0334,-66.8654,21.2,63,75,5.75,CA,1615179155
82,-34.5322,20.0403,60.8,82,100,8.05,ZA,1615179155
83,-5.5502,150.1429,84.6,70,86,3.49,PG,1615179155
84,-4.5772,-81.2719,75.06,79,100,4.85,PE,1615179156
85,-38.0023,-57.5575,70.0,88,90,6.91,AR,1615178951
86,-17.5833,-71.3333,71.71,82,92,4.47,PE,1615179156
87,-12.7406,-60.1458,68.43,96,100,1.72,BR,1615179014
88,40.1629,-8.3327,51.01,90,60,1.99,PT,1615179156
89,67.6803,53.1512,-25.83,86,76,8.23,RU,1615179157
90,38.4953,102.1739,49.53,41,4,7.9,CN,1615179157
91,50.6789,156.125,17.35,90,99,26.82,RU,1615179157
92,32.6667,-17.1,57.99,70,49,1.01,PT,1615179157
93,1.7471,40.0573,74.59,77,47,12.33,KE,1615179081
94,-9.8,-139.0333,79.57,77,21,13.56,PF,1615179158
95,-22.116,14.2845,60.01,92,9,7.83,NA,1615179158
96,-0.7393,-90.3518,78.01,93,75,3.0,EC,1615179158
97,72.7868,-56.1549,-17.84,80,0,13.62,GL,1615179158
98,53.1436,0.3363,41.0,87,75,6.91,GB,1615179158
99,-2.5744,150.7967,81.88,77,100,8.48,PG,1615179159
100,-14.2672,-43.1619,72.81,78,33,3.53,BR,1615179159
101,18.4506,-72.2869,73.4,94,75,10.36,HT,1615179159
102,29.5667,-104.4167,62.6,39,1,13.8,MX,1615178942
103,-20.5167,57.5167,80.6,83,20,6.91,MU,1615179159
104,44.0787,-80.2041,8.01,79,13,4.74,CA,1615179160
105,-34.4187,19.2345,60.01,93,100,5.53,ZA,1615179160
106,33.7333,135.9833,51.8,93,75,9.22,JP,1615179161
107,-9.0763,143.2092,83.08,74,99,5.48,PG,1615179161
108,19.7297,-155.09,69.8,88,90,10.36,US,1615179069
109,56.038,-5.4321,46.99,78,100,5.01,GB,1615179161
110,43.7501,-81.7165,17.6,79,35,4.61,CA,1615179161
111,44.0167,87.3167,30.2,86,40,6.71,CN,1615179161
112,51.8175,3.9806,39.0,76,47,5.82,NL,1615179162
113,42.0304,-8.1588,39.99,84,70,8.99,PT,1615179162
114,59.3833,143.3,-2.78,83,0,7.61,RU,1615179162
115,62.456,-114.3525,-2.0,78,1,5.75,CA,1615178900
116,71.9167,114.0833,-26.95,83,17,2.8,RU,1615179163
117,-53.15,-70.9167,41.0,75,40,12.66,CL,1615179146
118,44.6453,-63.5724,21.99,76,27,1.01,CA,1615179123
119,18.9048,-3.5265,71.51,21,21,11.36,ML,1615179163
120,14.4,46.4667,69.89,23,0,1.03,YE,1615179163
121,18.217,-63.0578,78.8,78,20,9.22,AI,1615179164
122,-33.9258,18.4232,62.6,67,40,14.97,ZA,1615178882
123,48.6,133.8167,18.27,93,0,9.8,RU,1615179164
124,36.6167,101.7667,46.22,46,0,4.18,CN,1615179164
125,-21.3393,55.4781,84.2,70,40,5.75,RE,1615179165
126,73.5069,80.5464,-17.79,88,100,6.44,RU,1615179165
127,39.913,46.7903,34.52,87,99,2.84,AZ,1615179165
128,13.9835,10.2704,70.61,17,0,8.43,NE,1615179165
129,3.0707,172.7902,80.98,81,11,13.2,KI,1615179165
130,4.9247,6.2642,77.61,92,15,2.77,NG,1615179165
131,-33.6971,-53.4616,65.12,90,0,5.53,UY,1615179165
132,48.7555,-91.6216,35.69,93,100,7.74,CA,1615179166
133,71.6872,128.8694,-13.29,88,100,7.29,RU,1615179166
134,30.2131,-93.2044,48.2,76,1,4.61,US,1615179166
135,59.9816,45.7854,7.77,94,100,8.95,RU,1615179166
136,52.805,104.7508,26.6,68,40,11.18,RU,1615179166
137,-16.4833,-151.75,82.2,79,100,17.67,PF,1615179166
138,66.8333,70.8333,-23.98,86,100,10.25,RU,1615179167
139,62.0025,132.4325,-3.33,91,100,8.63,RU,1615179167
140,78.2186,15.6401,6.8,61,20,13.8,SJ,1615179167
141,29.6036,52.5388,53.6,26,0,0.81,IR,1615179167
142,65.8167,87.9833,-4.86,91,100,8.75,RU,1615179167
143,50.2536,-96.0612,36.0,99,60,5.01,CA,1615179168
144,47.4667,84.8667,27.86,95,92,2.51,KZ,1615179168
145,6.1241,81.1185,86.0,84,40,9.22,LK,1615179168
146,63.7256,8.834,30.2,80,0,8.05,NO,1615179168
147,-0.6,73.0833,83.46,65,1,8.84,MV,1615179168
148,-1.95,18.2667,72.18,88,100,6.71,CD,1615179168
149,8.5332,28.1004,73.42,18,11,4.79,SS,1615179169
150,-8.0089,-34.8553,78.8,73,40,3.44,BR,1615178923
151,58.0458,63.696,2.93,92,55,4.54,RU,1615179169
152,-16.7833,-151.5,82.0,79,100,17.4,PF,1615179169
153,50.3164,-122.8027,37.4,100,65,1.14,CA,1615179170
154,-21.2078,-159.775,78.8,94,75,17.27,CK,1615178899
155,63.7506,-68.5145,-2.2,78,90,2.3,CA,1615179170
156,66.0449,-17.3389,24.8,93,0,2.3,IS,1615179170
157,-34.0527,23.3716,62.65,85,93,5.73,ZA,1615179170
158,38.8876,-76.5119,30.99,74,1,7.74,US,1615179171
159,-20.3428,57.7575,81.0,83,20,6.91,MU,1615179171
160,41.2894,141.2169,39.2,56,75,19.57,JP,1615179171
161,26.5412,-77.0636,66.52,65,15,25.23,BS,1615178890
162,26.326,43.975,57.2,51,0,8.05,SA,1615179171
163,-5.1989,-35.4608,75.2,94,75,4.61,BR,1615179172
164,55.7435,-97.8558,24.8,80,1,5.55,CA,1615178938
165,26.1247,127.6694,75.2,73,20,18.41,JP,1615179172
166,41.7597,86.1469,51.48,44,78,3.53,CN,1615179025
167,63.8986,122.7617,-5.6,90,100,6.96,RU,1615179172
168,70.4692,-68.5914,-20.2,76,1,5.82,CA,1615179172
169,-29.9533,-71.3436,62.6,88,90,4.61,CL,1615178916
170,62.6323,17.9379,21.99,68,3,6.91,SE,1615179173
171,50.2001,-66.3821,21.2,63,75,5.75,CA,1615179173
172,64.5011,-165.4064,32.0,93,90,40.29,US,1615179173
173,45.0205,-93.218,48.2,93,1,3.44,US,1615179174
174,34.257,-85.1647,37.4,70,1,3.44,US,1615179174
175,-10.0681,-78.1522,73.09,80,100,6.98,PE,1615179174
176,3.6415,18.5936,68.61,96,98,2.59,CF,1615179174
177,-15.1961,12.1522,77.29,76,65,4.85,AO,1615179174
178,66.9395,-53.6735,12.07,92,100,11.05,GL,1615179175
179,14.8961,-24.4956,69.01,76,0,16.02,CV,1615179175
180,4.3189,17.4695,68.23,81,100,4.09,CF,1615179175
181,-45.8742,170.5036,61.0,59,100,4.0,NZ,1615179061
182,60.1545,-1.1494,41.0,81,90,16.11,GB,1615179175
183,67.5662,30.4758,-5.73,92,97,1.57,RU,1615179175
184,-1.5746,9.2618,76.78,88,99,4.76,GA,1615179175
185,-34.0033,24.7314,66.0,79,70,5.01,ZA,1615179176
186,36.54,-4.6247,55.0,93,0,5.75,ES,1615179176
187,34.4133,-119.861,55.4,76,90,1.68,US,1615179176
188,-34.5833,150.8552,78.01,78,100,8.01,AU,1615179176
189,38.7333,-27.0667,62.01,100,75,8.41,PT,1615179176
190,61.9449,76.6625,11.48,96,100,9.01,RU,1615179177
191,57.79,-152.4072,35.6,64,1,4.61,US,1615179177
192,20.5169,-13.0499,59.32,47,0,11.59,MR,1615179177
193,57.0531,-135.33,42.8,70,75,3.56,US,1615179177
194,9.9399,76.2602,87.8,62,4,3.44,IN,1615179178
195,59.7,150.1667,1.13,81,0,3.6,RU,1615179178
196,-36.8927,-60.3225,69.01,93,100,1.01,AR,1615179030
197,31.2656,56.8055,60.98,29,0,3.51,IR,1615179178
198,57.1437,-2.0981,41.0,100,90,1.14,GB,1615178931
199,27.6667,-105.1667,60.85,37,1,8.28,MX,1615179179
200,-17.8786,36.8883,73.4,100,20,6.91,MZ,1615179179
201,60.1432,-45.2371,30.36,93,100,17.13,GL,1615179179
202,-33.5906,26.891,66.99,89,35,3.0,ZA,1615179179
203,66.5606,67.7975,-24.25,86,100,12.01,RU,1615179180
204,68.7098,-52.8699,9.01,96,100,3.44,GL,1615179180
205,-19.8436,34.8389,75.2,100,40,5.75,MZ,1615179180
206,37.4725,-4.4421,51.01,80,7,1.41,ES,1615179180
207,-22.9661,-42.0278,73.24,91,100,3.65,BR,1615179015
208,2.9167,73.5667,82.87,73,3,8.93,MV,1615179180
209,56.7,36.7667,16.34,96,100,10.94,RU,1615179181
210,-35.3333,-72.4167,63.55,76,0,10.33,CL,1615179181
211,54.4299,31.8996,19.11,97,66,9.62,RU,1615179181
212,-22.8989,-49.6325,66.29,95,41,3.74,BR,1615179182
213,7.0419,134.2556,75.2,100,90,6.91,PW,1615179182
214,4.423,-7.3528,77.61,89,8,6.35,CI,1615179182
215,-28.65,153.6167,75.99,88,75,6.91,AU,1615179024
216,42.1584,-72.3287,25.0,58,1,6.91,US,1615179182
217,-20.4081,57.7,80.6,83,20,6.91,MU,1615179182
218,60.34,102.2797,16.07,94,100,12.93,RU,1615179183
219,1.0,-52.0,70.2,98,100,1.95,BR,1615179183
220,40.4272,71.7189,50.0,62,80,2.3,UZ,1615179183
221,-35.1667,173.1667,66.6,62,37,12.28,NZ,1615179183
222,40.4163,-120.653,44.6,53,1,10.36,US,1615179183
223,28.6835,-17.7642,64.4,72,0,10.36,ES,1615178959
224,-9.1667,-60.6333,72.19,96,33,0.67,BR,1615179184
225,20.8947,-156.47,75.2,69,40,20.71,US,1615179083
226,64.8945,-23.7142,40.5,85,100,21.9,IS,1615179184
227,44.1003,-70.2148,23.0,58,1,3.44,US,1615178965
228,46.6166,10.7002,33.01,93,0,2.3,IT,1615179185
229,25.1216,62.3254,74.77,55,0,6.13,PK,1615179185
230,5.8808,-10.0467,75.2,94,40,5.1,LR,1615179185
231,32.3513,-95.3011,51.8,50,1,6.91,US,1615179016
232,-33.0117,17.9442,55.4,88,81,5.75,ZA,1615179009
233,-2.9248,-39.9167,77.59,85,100,7.72,BR,1615179186
234,9.285,105.7244,86.86,54,98,20.94,VN,1615179186
235,17.0151,54.0924,75.2,60,0,3.44,OM,1615179186
236,-41.4122,175.5153,63.0,59,86,12.66,NZ,1615179187
237,48.2198,46.8311,31.12,87,0,23.17,RU,1615179187
238,13.2167,-59.5167,78.8,65,20,21.85,BB,1615179187
239,37.4,136.9,41.0,52,75,5.75,JP,1615179187
240,58.8053,-122.7002,21.2,73,75,0.27,CA,1615179187
241,69.2167,-51.1,15.8,73,20,8.05,GL,1615179188
242,14.9215,-23.5087,66.2,72,75,21.85,CV,1615179188
243,65.282,-126.8329,-4.0,71,40,10.36,CA,1615179188
244,6.7989,81.4808,86.0,84,40,9.22,LK,1615179188
245,-9.4431,147.1797,82.51,68,44,5.14,PG,1615179123
246,43.3817,133.9014,35.29,75,0,5.79,RU,1615179189
247,7.9868,117.0645,83.88,69,73,15.14,PH,1615179189
248,56.2,96.53,21.43,92,31,4.5,RU,1615179189
249,40.8061,140.3861,41.0,64,75,14.97,JP,1615179189
250,48.75,5.1667,24.8,93,0,7.67,FR,1615179189
251,23.1539,-81.9236,68.0,68,20,8.05,CU,1615179190
252,49.6311,72.8539,32.0,86,40,33.55,KZ,1615179190
253,8.7936,126.2969,83.25,68,72,7.07,PH,1615179190
254,39.2667,141.8833,42.8,52,75,8.05,JP,1615179122
255,2.0371,45.3438,80.6,65,40,17.27,SO,1615179191
256,69.1304,18.6123,17.6,86,75,2.3,NO,1615179191
257,5.8933,95.3214,82.89,75,87,13.49,ID,1615179191
258,37.7333,-25.6667,60.8,88,75,3.44,PT,1615179192
259,16.3333,-15.0,71.08,23,0,13.02,SN,1615179192
260,66.4167,112.4,7.75,91,100,7.58,RU,1615179192
261,-13.2325,30.2352,62.44,98,100,6.13,ZM,1615179192
262,7.3833,8.5667,77.27,82,45,6.02,NG,1615179192
263,26.1842,127.7558,75.2,56,40,10.36,JP,1615179193
264,37.5683,126.9778,55.4,35,20,2.3,KR,1615178916
265,-4.1967,152.1721,82.58,76,99,9.48,PG,1615179193
266,34.5667,76.1,21.52,87,86,2.26,IN,1615179193
267,64.3833,-173.3,26.08,97,100,8.19,RU,1615179193
268,21.3469,-158.0858,78.8,53,20,10.36,US,1615179193
269,1.7427,98.7792,86.61,58,36,5.23,ID,1615179194
270,13.2167,80.3167,86.0,58,40,5.75,IN,1615179194
271,56.45,138.1667,15.8,90,72,5.86,RU,1615179194
272,49.149,17.0019,28.0,86,0,6.91,CZ,1615179194
273,9.4942,50.8122,77.43,74,72,10.69,SO,1615179195
274,22.2855,114.1577,69.01,81,46,5.01,HK,1615179069
275,60.8156,-115.7999,14.0,62,17,9.22,CA,1615179195
276,4.2498,117.8871,80.6,83,20,6.91,MY,1615179195
277,-34.7333,135.8667,66.63,64,27,16.22,AU,1615179196
278,-5.8958,22.4178,66.43,91,100,3.02,CD,1615179196
279,-37.6167,-73.65,58.12,83,59,17.98,CL,1615179196
280,20.0058,110.3542,77.0,78,90,13.42,CN,1615179196
281,39.9956,-82.6743,26.6,68,1,2.08,US,1615178993
282,2.8197,-60.6733,77.0,83,0,5.75,BR,1615179197
283,57.2169,94.8978,21.83,94,56,4.27,RU,1615179197
284,-20.5833,17.4333,63.41,65,37,3.49,NA,1615179197
285,-6.3667,37.3667,72.07,85,99,1.57,TZ,1615179019
286,71.9667,102.5,-25.08,85,91,2.01,RU,1615179198
287,33.6668,-95.5836,48.2,57,1,8.05,US,1615179198
288,-28.24,-48.6703,73.4,88,20,7.16,BR,1615179198
289,24.4667,54.3667,68.0,77,20,2.3,AE,1615179048
290,37.4833,141.0,46.0,64,100,1.99,JP,1615179181
291,-17.7125,-39.2481,76.55,89,100,6.49,BR,1615179199
292,49.7834,-74.8492,-7.6,84,1,2.42,CA,1615179199
293,-20.5667,164.2833,78.53,74,70,8.12,NC,1615179199
294,-1.2675,116.8289,88.54,52,64,5.82,ID,1615179126
295,-8.4753,-74.8058,73.24,98,100,2.42,PE,1615179199
296,37.1041,-113.5841,61.0,20,1,4.61,US,1615179061
297,23.2,81.9667,91.18,11,0,4.34,IN,1615179200
298,-16.9833,-65.1333,73.85,80,57,1.12,BO,1615179200
299,-0.9492,100.3543,82.4,78,91,6.91,ID,1615179200
300,36.8529,-75.978,33.8,51,1,3.44,US,1615179087
301,-4.2714,-81.2147,73.22,79,99,6.58,PE,1615179200
302,-33.2926,23.4895,61.77,73,99,1.03,ZA,1615179201
303,34.6391,-120.4579,50.0,87,90,4.61,US,1615179201
304,-31.95,141.4333,84.2,26,40,10.36,AU,1615179201
305,48.0056,91.6419,33.76,60,81,4.36,MN,1615179201
306,3.1655,-52.3158,71.67,98,91,2.71,GF,1615179201
307,47.6666,-52.7314,28.99,74,90,10.36,CA,1615179202
308,29.5833,-9.5,51.89,91,89,6.04,MA,1615179202
309,53.3508,102.7839,20.66,89,98,5.26,RU,1615179202
310,18.4167,-64.6167,78.01,88,4,13.0,VG,1615179202
311,38.4167,77.2406,54.82,37,0,6.11,CN,1615179203
312,-33.7333,-70.75,75.2,43,0,10.36,CL,1615179203
313,30.7554,20.2263,58.32,49,0,7.56,LY,1615179203
314,35.1981,-111.6513,50.0,60,1,7.31,US,1615179204
315,-25.2406,130.9889,93.2,22,40,5.75,AU,1615179204
316,6.8833,73.1,83.05,67,63,6.87,MV,1615179204
317,16.8634,-99.8901,75.31,76,72,5.37,MX,1615179204
318,58.2093,-6.3865,44.6,93,65,8.05,GB,1615179205
319,58.8353,125.4869,23.11,94,63,9.73,RU,1615179205
320,-23.8928,-55.4311,65.91,64,0,2.04,BR,1615179205
321,50.3891,30.3705,34.0,93,90,13.42,UA,1615179205
322,7.7669,-72.225,66.79,83,100,2.08,VE,1615179206
323,-13.7,-76.2167,73.4,78,0,4.61,PE,1615179038
324,-20.9333,-66.2333,46.2,63,100,5.39,BO,1615179206
325,17.8868,-77.5902,72.21,82,15,5.95,JM,1615179206
326,32.8551,-90.4056,46.4,75,1,5.17,US,1615179207
327,13.3034,-4.8956,79.16,21,44,8.34,ML,1615179207
328,-7.7136,-66.9764,74.05,94,87,1.16,BR,1615179207
329,34.54,-112.4685,57.0,22,1,8.05,US,1615179061
330,28.2211,61.2158,62.1,26,0,5.23,IR,1615179208
331,48.5074,39.3004,31.39,90,34,18.07,UA,1615179208
332,-45.5752,-72.0662,37.11,81,3,6.24,CL,1615179208
333,35.7565,-83.9705,39.2,48,1,3.44,US,1615179208
334,-0.1934,-74.7819,70.92,98,100,1.74,CO,1615179209
335,12.6,75.8667,83.3,21,0,8.28,IN,1615179209
336,19.8,75.5333,84.2,28,0,3.44,IN,1615179209
337,29.0331,21.5482,58.66,35,0,5.97,LY,1615179209
338,70.8578,29.0864,19.4,73,20,9.22,NO,1615179209
339,-2.8856,-40.12,77.94,87,99,10.67,BR,1615179209
340,20.9625,-75.7186,75.2,78,40,10.36,CU,1615179210
341,40.922,14.5329,51.8,82,75,3.44,IT,1615179210
342,36.9034,-104.4391,44.6,24,1,8.05,US,1615179210
343,46.4333,26.4,30.99,74,0,3.44,RO,1615179210
344,47.9417,-97.4337,39.2,65,1,10.36,US,1615179208
345,67.667,12.6934,35.02,85,100,15.97,NO,1615179210
346,29.9833,75.3833,83.46,20,0,11.7,IN,1615178941
347,-37.8333,140.7667,66.2,63,90,14.97,AU,1615179211
348,63.05,179.3167,13.71,94,35,13.09,RU,1615179211
349,40.6181,-8.733,51.01,83,19,1.01,PT,1615179211
350,63.3667,47.9167,-8.19,89,89,6.62,RU,1615179211
351,-13.8833,167.55,81.79,78,100,9.15,VU,1615179212
352,28.3667,129.4833,66.2,94,75,12.66,JP,1615179212
353,50.5834,-111.8851,33.8,69,5,6.91,CA,1615179212
354,58.3019,-134.4197,37.4,65,90,3.44,US,1615179212
355,-35.35,150.4667,78.01,72,75,19.57,AU,1615179212
356,32.6881,128.8419,59.0,58,20,14.97,JP,1615179213
357,-4.352,152.2633,82.27,79,100,6.06,PG,1615179213
358,48.6814,71.6433,32.49,94,100,19.55,KZ,1615179213
359,4.8699,-2.2405,79.56,87,9,9.01,GH,1615179060
360,-32.035,-52.0986,66.0,95,0,9.01,BR,1615179014
361,-12.7336,45.2042,78.8,89,100,2.3,YT,1615179214
362,15.11,36.6575,75.56,60,65,6.08,ER,1615179214
363,64.8378,-147.7164,15.8,86,90,4.61,US,1615179060
364,54.8753,69.1628,10.4,79,0,11.18,KZ,1615179214
365,39.1834,-84.5333,35.01,64,1,2.66,US,1615178996
366,-21.15,149.2,86.0,58,6,13.8,AU,1615179215
367,42.8167,27.8833,30.0,80,0,6.91,BG,1615179215
368,-25.1667,45.05,75.4,68,0,10.65,MG,1615179215
369,27.6667,85.3333,64.4,72,20,2.3,NP,1615179215
370,53.3668,-104.0009,33.8,75,75,12.66,CA,1615179215
371,-0.9131,122.8766,82.38,67,94,5.44,ID,1615179216
372,11.472,49.8728,82.29,38,94,10.96,SO,1615179216
373,19.8,85.85,86.0,58,40,8.05,IN,1615179216
374,34.9833,139.8667,48.2,87,75,5.75,JP,1615179216
375,9.5667,37.1,62.04,43,80,0.38,ET,1615179182
376,38.4253,-7.5349,46.4,93,75,6.91,PT,1615179217
377,20.8667,-90.4,71.83,76,0,16.31,MX,1615179217
378,43.6475,111.9767,44.76,52,0,5.14,CN,1615179217
379,61.67,96.37,16.39,91,89,6.87,RU,1615179218
380,12.5579,-12.1743,74.88,38,27,5.32,SN,1615179218
381,6.4,-57.6,77.7,86,96,11.48,GY,1615179218
382,-14.9172,13.4925,58.5,77,57,4.03,AO,1615179218
383,39.05,-27.9833,59.29,99,69,10.51,PT,1615179219
384,-2.0226,147.2712,82.13,74,100,5.1,PG,1615179219
385,58.5167,125.5167,18.21,93,72,10.0,RU,1615179219
386,-20.3167,118.5667,91.4,55,0,14.97,AU,1615179220
387,42.2506,-75.833,16.0,57,1,4.61,US,1615179220
388,33.1222,46.1646,42.8,52,40,6.91,IR,1615179220
389,-20.0167,148.2333,86.0,62,40,14.97,AU,1615179221
390,58.965,-3.296,42.8,93,90,2.3,GB,1615179221
391,69.4865,88.3972,-9.89,88,100,2.28,RU,1615179221
392,3.25,19.7667,65.64,97,98,1.45,CD,1615179221
393,-5.795,-35.2094,77.0,94,20,4.61,BR,1615179221
394,-20.2333,164.0167,79.07,72,29,9.19,NC,1615179222
395,6.4965,2.6036,81.01,82,100,8.08,BJ,1615179073
396,70.9457,27.3465,19.4,73,20,9.22,NO,1615179222
397,38.0,-3.5,39.61,100,15,1.88,ES,1615179222
398,39.4883,-1.1004,50.0,93,75,4.61,ES,1615179222
399,52.9999,-122.5029,33.8,75,75,3.44,CA,1615179099
400,1.3292,172.9752,86.0,66,20,11.5,KI,1615179223
401,33.6,73.0667,72.86,34,24,4.9,PK,1615179223
402,68.2191,-135.0107,-13.0,70,2,5.75,CA,1615179223
403,-27.3667,-70.3333,62.6,82,90,3.44,CL,1615179224
404,-22.2763,166.4572,82.4,57,75,16.11,NC,1615179067
405,13.5928,-89.8275,80.02,65,0,7.56,SV,1615179224
406,-9.4333,159.95,82.94,76,100,3.96,SB,1615179224
407,39.4206,20.0147,53.01,93,40,7.76,GR,1615179224
408,-23.865,35.3833,68.0,94,20,4.59,MZ,1615179225
409,5.7667,73.3833,83.52,67,32,9.57,MV,1615179225
410,55.1001,-105.2842,39.2,41,100,4.61,CA,1615179225
411,10.2849,22.7882,70.34,19,87,8.37,CF,1615179225
412,61.95,159.2333,-16.42,78,27,2.19,RU,1615179226
413,0.6,-80.0333,75.07,92,100,4.56,EC,1615179226
414,-3.9014,-38.3911,81.0,89,40,4.61,BR,1615179226
415,60.7167,-46.0333,30.2,74,90,13.8,GL,1615179226
416,10.9995,122.6711,84.96,65,100,13.71,PH,1615179226
417,-8.1167,34.25,66.4,91,100,0.85,TZ,1615179227
418,57.0295,34.1725,12.27,95,100,9.4,RU,1615179227
419,-30.3,153.1333,89.01,54,71,14.97,AU,1615179227
420,-4.3167,20.5833,68.43,93,100,0.54,CD,1615179227
421,59.3339,10.6656,30.0,63,60,3.44,NO,1615179227
422,51.6828,102.1408,32.63,85,0,1.34,RU,1615179228
423,4.375,-7.7169,78.04,88,0,8.01,LR,1615179228
424,70.3705,31.1107,10.4,92,40,4.61,NO,1615179228
425,-3.8004,102.2655,79.2,87,98,13.62,ID,1615179228
426,68.1214,13.5031,33.8,88,100,11.54,NO,1615179229
427,-10.4544,161.9205,82.94,75,100,5.41,SB,1615179229
428,-23.3472,-52.0953,66.07,93,0,1.68,BR,1615179229
429,66.0,111.5,7.18,91,100,5.48,RU,1615179229
430,65.8522,44.24,-24.86,85,12,6.73,RU,1615179230
431,-41.0667,145.9167,68.0,59,100,5.01,AU,1615179230
432,-12.0667,134.2667,90.43,58,94,7.76,AU,1615179230
433,38.421,-121.4238,53.6,66,1,8.05,US,1615179230
434,-0.8833,131.25,82.67,74,87,5.3,ID,1615179231
435,45.1667,10.7833,34.0,87,0,3.0,IT,1615179231
436,69.3833,178.4167,-13.86,85,96,7.83,RU,1615179231
437,56.9908,52.1852,12.99,88,100,4.0,RU,1615179231
438,9.45,-5.6333,75.6,71,85,7.92,CI,1615179231
439,3.2783,32.8867,72.55,44,83,3.85,UG,1615179232
440,-2.1522,-56.0922,74.59,95,85,3.42,BR,1615179232
441,-16.8392,36.9856,71.64,93,73,2.98,MZ,1615179232
442,52.3333,124.7333,30.94,92,81,5.86,CN,1615179232
443,-23.65,-70.4,64.4,88,0,9.22,CL,1615179233
444,-23.76,-45.4097,72.41,85,96,4.52,BR,1615179233
445,29.2747,82.1838,53.85,43,83,6.04,NP,1615179233
446,26.4559,111.5988,55.04,76,96,3.2,CN,1615179233
447,55.1333,-7.45,43.56,93,97,7.61,IE,1615179233
448,-14.7203,-56.3275,72.19,95,100,4.56,BR,1615179233
449,-43.5333,172.6333,62.01,55,20,13.8,NZ,1615179056
450,3.7159,11.6427,73.4,88,75,5.75,CM,1615179234
451,2.1,99.8333,91.18,51,51,2.71,ID,1615179234
452,-45.8667,-67.5,51.8,46,0,3.44,AR,1615179234
453,34.3442,132.5894,55.4,44,40,5.75,JP,1615179235
454,40.8754,-75.2499,24.01,78,0,3.42,US,1615179033
455,36.0333,140.2,45.0,70,75,14.97,JP,1615179235
456,46.0833,127.4,31.1,96,79,8.14,CN,1615179235
457,4.75,11.2333,71.78,92,100,2.1,CM,1615179236
458,42.8,93.45,53.17,37,100,7.45,CN,1615179236
459,17.3333,42.6667,75.2,83,17,3.56,SA,1615179236
460,51.8845,107.4791,26.6,63,73,2.24,RU,1615179236
461,19.2167,-98.8083,66.2,34,75,4.61,MX,1615179237
462,36.2946,-76.2511,32.0,77,0,1.61,US,1615179086
463,50.0,88.6667,17.42,83,87,1.01,RU,1615179237
464,-31.732,-60.5238,72.0,76,0,4.14,AR,1615179237
465,62.2266,-6.589,41.0,100,75,4.61,FO,1615179238
466,-46.1333,167.6833,57.0,80,91,11.99,NZ,1615179238
467,-11.0964,-77.6139,72.59,81,100,4.76,PE,1615179238
468,-29.4667,149.85,75.2,88,40,12.66,AU,1615179238
469,54.3161,-130.3201,42.8,87,20,6.91,CA,1615179238
470,45.41,79.9186,38.43,82,100,0.87,KZ,1615179239
471,-16.2833,27.4833,63.34,93,42,2.8,ZM,1615179239
472,-20.3297,-40.2925,71.6,100,40,3.44,BR,1615179239
473,12.485,-16.5469,67.62,48,0,7.36,SN,1615179239
474,-2.65,10.0,75.88,89,92,3.13,GA,1615179239
475,-0.8667,134.0833,82.08,75,94,8.93,ID,1615179240
476,27.9167,96.1667,87.28,17,5,4.47,IN,1615179240
477,-10.5775,-75.4017,59.02,91,100,1.01,PE,1615179240
478,24.6829,88.1598,87.37,38,0,5.86,BD,1615179240
479,36.7525,3.042,53.6,100,75,3.44,DZ,1615179241
480,-31.4333,152.9167,86.0,61,100,1.01,AU,1615179241
481,-26.9566,24.7284,64.85,40,39,10.07,ZA,1615179241
482,43.9015,-70.4703,23.0,58,1,3.44,US,1615179241
483,5.3505,48.5268,80.87,70,47,18.5,SO,1615179242
484,-31.4135,-64.1811,75.99,94,0,9.22,AR,1615178972
485,21.4612,-71.1419,78.22,76,0,7.45,TC,1615179242
486,-28.783,32.0377,72.84,82,7,10.38,ZA,1615179242
487,67.45,153.6833,-9.26,87,100,10.94,RU,1615179243
488,54.7183,135.315,14.49,89,100,29.06,RU,1615179243
489,-36.7167,-73.1167,60.8,94,0,8.05,CL,1615179040
490,3.8653,-67.9239,75.38,95,100,1.34,CO,1615179243
491,58.8128,26.7383,21.99,79,75,9.22,EE,1615179243
492,7.9986,124.2928,82.0,81,91,7.0,PH,1615179243
493,42.8384,-71.147,26.01,59,0,6.42,US,1615179244
494,11.0517,124.0055,85.48,63,72,7.31,PH,1615179244
495,3.9366,41.867,77.16,58,1,9.55,KE,1615179244
496,37.5133,34.0467,36.84,81,73,3.02,TR,1615179244
497,35.244,60.6225,54.05,40,29,5.73,IR,1615179244
498,44.4167,126.95,35.83,82,62,6.8,CN,1615179245
499,70.9821,25.9704,26.6,80,40,5.75,NO,1615179245
500,54.8167,54.0,20.19,96,100,21.05,RU,1615179245
501,29.9737,32.5263,55.8,75,0,8.34,EG,1615179246
502,35.1333,140.3,48.2,87,75,5.75,JP,1615179183
503,47.5999,-53.2648,28.4,74,90,10.36,CA,1615179246
504,-20.1842,-44.7711,64.94,95,94,2.04,BR,1615179246
505,22.5455,114.0683,73.99,83,66,1.01,CN,1615178717
506,8.0777,22.4007,67.3,30,81,3.78,CF,1615179247
507,63.4427,-20.2734,45.52,91,88,31.23,IS,1615179247
508,66.6572,66.4183,-20.97,86,95,6.13,RU,1615179247
509,-36.8333,175.7,66.99,73,0,8.99,NZ,1615179248
510,33.8464,-118.0467,57.99,67,90,7.92,US,1615179248
511,32.31,54.0175,55.4,26,0,2.3,IR,1615179248
512,54.0359,19.0266,27.0,100,74,9.06,PL,1615179248
513,46.4154,3.9054,36.0,100,75,2.3,FR,1615179248
514,50.1344,-97.3268,35.6,80,1,10.36,CA,1615179248
515,-34.5667,146.4,89.6,17,40,13.8,AU,1615179249
516,-6.8844,112.2051,83.64,75,67,13.96,ID,1615179249
517,-14.4667,132.2667,95.0,49,40,2.3,AU,1615179249
518,-6.6447,-51.995,71.89,96,100,2.01,BR,1615179249
519,56.0045,8.1294,21.2,93,35,2.3,DK,1615179249
520,-33.0393,-71.6273,62.01,80,0,9.57,CL,1615179034
521,38.2333,139.4833,42.8,56,75,5.75,JP,1615179250
522,0.3925,9.4537,77.0,94,40,2.3,GA,1615179250
523,7.9803,49.8164,77.85,72,19,14.14,SO,1615179250
524,41.1415,-73.3579,30.2,40,1,12.66,US,1615179127
525,18.5262,98.9394,93.0,23,0,3.44,TH,1615179250
526,39.2342,106.3439,50.7,44,0,1.88,CN,1615179251
527,-4.2,36.9333,63.28,93,59,2.95,TZ,1615179251
528,-19.9842,57.6142,82.0,78,76,1.01,MU,1615179251
529,-21.1211,-56.4819,68.97,90,0,1.41,BR,1615179251
530,16.2209,100.4198,96.01,40,41,7.99,TH,1615179252
531,-20.7377,116.8463,89.11,58,15,14.63,AU,1615179252
532,68.0531,39.5131,-3.82,91,100,7.25,RU,1615179252
533,65.7,82.4667,-0.62,92,92,7.58,RU,1615179252
534,53.3925,-2.5802,37.4,93,75,2.3,GB,1615179253
535,18.3851,42.4509,53.6,57,0,1.86,SA,1615179253
536,-45.4167,167.7167,59.74,49,98,1.88,NZ,1615179253
537,-51.6226,-69.2181,41.0,65,0,9.22,AR,1615179253
538,-35.6566,-63.7568,66.72,82,91,12.93,AR,1615179253
539,2.7858,24.73,68.85,97,74,1.43,CD,1615179254
540,14.35,121.0167,89.6,58,75,8.05,PH,1615179254
541,-29.6842,-53.8069,61.57,84,0,4.23,BR,1615179117
542,-34.4833,-54.3333,62.76,95,0,7.14,UY,1615179254
543,8.9936,-79.5197,78.8,83,75,5.75,PA,1615179254
544,49.7833,-92.7503,37.4,87,90,12.66,CA,1615179254
545,34.3834,-86.3333,42.8,56,1,4.61,US,1615179255
546,25.7,100.1833,63.9,30,0,8.3,CN,1615179255
547,62.0989,126.6992,5.38,94,100,6.13,RU,1615179255
548,-6.1722,35.7395,65.52,96,100,2.62,TZ,1615179255
549,-8.65,115.2167,84.2,79,40,5.75,ID,1615179256
550,38.9563,-5.8616,48.0,92,7,4.0,ES,1615179256
551,-3.2778,-39.2689,76.59,90,98,6.24,BR,1615179256
552,31.61,34.7642,52.0,94,0,5.01,IL,1615179003
553,9.0622,-62.051,72.23,99,83,2.75,VE,1615179256
554,61.2767,108.0108,17.13,94,93,15.05,RU,1615179256
555,62.8833,152.4333,-7.87,83,95,3.71,RU,1615179256
556,64.0019,44.4451,-14.62,88,57,7.16,RU,1615179257
557,-23.7869,-54.2836,68.58,88,0,1.48,BR,1615179257
558,-3.6954,128.1814,86.0,66,40,8.05,ID,1615179257
559,-20.0064,57.6608,82.0,78,74,1.01,MU,1615179257
